ts,rg1,rg2,rg1tt,rg2tt,rg1tp,rg2tp,temp_bmx,press_bmx,temp_mcp,temp_sht,humidity_sht,si1145_vis,si1145_ir,si1145_uv,wind_spd,wind_dir,wind_gust,wind_gust_dir,heat_idx,wet_bulb_temp,wet_bulb_globe_temp
2026-09-01T00:00:08Z,0,0,0,0,0.4,0,15.1,852.7,15.5,15.5,88.1,261,253,0,0.1,109,0.4,0.4,15.5,14.1,11.3
2026-09-01T00:15:17Z,0,0,0,0,0.4,0,15.3,852.6,15.7,15.7,87.5,260,253,0,0.1,109,0.7,0.7,15.7,14.3,11.5
2026-09-01T00:30:27Z,0,0,0,0,0.4,0,15.5,852.5,15.8,15.9,88,260,253,0,0.3,109,0.9,0.9,15.8,14.5,11.6
2026-09-01T00:45:36Z,0,0,0,0,0.4,0,15.5,852.8,15.8,15.9,88.6,260,253,0,0.6,109,1.1,1.1,15.9,14.6,11.7
2026-09-01T01:01:03Z,0,0,0,0,0.4,0,15.4,852.8,15.7,15.8,89.4,259,254,0,0.2,109,0.7,0.7,15.8,14.6,11.6
2026-09-01T01:16:12Z,0,0,0,0,0.4,0,15.3,852.9,15.6,15.7,90,260,253,0,0,109,0.2,0.2,15.7,14.5,11.5
2026-09-01T01:31:58Z,0,0,0,0,0.4,0,15.2,852.9,15.6,15.6,90.2,259,254,0,0.1,109,0.2,0.2,15.6,14.5,11.4
2026-09-01T01:47:23Z,0,0,0,0,0.4,0,15.2,852.9,15.5,15.6,90.4,260,253,0,0,109,0,0,15.6,14.5,11.4
2026-09-01T02:02:32Z,0,0,0,0,0.4,0,15.3,853,15.6,15.7,90.3,262,254,0,0,109,0,0,15.7,14.5,11.5
2026-09-01T02:18:32Z,0,0,0,0,0.4,0,15.2,853,15.6,15.6,90.3,259,253,0,0,109,0,0,15.6,14.5,11.4
2026-09-01T02:33:41Z,0,0,0,0,0.4,0,15.2,853.2,15.4,15.6,90.4,261,255,0,0.4,109,0.7,0.7,15.6,14.5,11.4
2026-09-01T02:48:51Z,0,0,0,0,0.4,0,15.1,853.4,15.4,15.6,90.4,261,253,0,0.4,109,0.9,0.9,15.5,14.4,11.3
2026-09-01T03:04:00Z,0,0,0,0,0.4,0,15,853.5,15.2,15.5,90.4,259,254,0,0.7,109,1.3,1.3,15.5,14.4,11.3
2026-09-01T03:19:30Z,0,0,0,0,0.4,0,14.8,853.6,15.1,15.3,90.8,262,256,0,0.4,109,0.9,0.9,15.2,14.2,11.1
2026-09-01T03:34:39Z,0,0,0,0,0.4,0,14.8,854,15.1,15.2,90.9,262,285,0,0.1,109,0.9,0.9,15.2,14.2,11
2026-09-01T03:49:48Z,0,0,0,0.1,0.4,0,14.8,853.9,15.1,15.3,90.9,269,364,0,0.3,109,0.7,0.7,15.2,14.2,11
2026-09-01T04:04:56Z,0,0,0,0.2,0.4,0,14.9,854,15.2,15.3,90.1,304,799,0,1,109,1.3,1.3,15.3,14.2,11.1
2026-09-01T04:20:05Z,0,0,0,0.4,0.4,0,15.2,854.1,15.5,15.6,88.4,333,1121,0,0.9,108,1.1,1.1,15.5,14.2,11.3
2026-09-01T04:35:28Z,0,0,0,0.3,0.4,0,15.5,854.4,15.8,15.9,86.6,318,906,0,0.6,109,0.9,0.9,15.9,14.4,11.7
2026-09-01T04:50:37Z,0,0,0,0.3,0.4,0,15.5,854.7,15.7,16,86.8,314,853,0,0.1,109,0.4,0.4,15.9,14.4,11.7
2026-09-01T05:06:34Z,0,0,0,0.6,0.4,0,16,854.9,16.2,16.4,85.2,359,1382,0,0.5,109,0.9,0.9,16.4,14.7,12.1
2026-09-01T05:21:42Z,0,0,0,1.2,0.4,0,17.4,855.1,17.2,17.4,80.8,479,2833,0,1.3,108,2,2,17.3,15.1,13.1
2026-09-01T05:36:51Z,0,0,0,1.5,0.4,0,19.2,855.3,19.4,19.1,74.4,544,3556,0,0,109,0.1,0.1,19.1,16,14.7
2026-09-01T05:51:59Z,0,0,0,2.2,0.4,0,20.3,855.3,20.6,20.5,69.5,678,5173,0,0.3,109,1,1,20.5,16.7,16
2026-09-01T06:07:08Z,0,0,0,1.3,0,0,19.8,855.5,20.4,20.3,67.1,506,2995,0,0.5,109,2.2,2.2,20.2,16.2,15.7
2026-09-01T06:22:32Z,0,0,0,0.9,0,0,19.1,855.5,19.6,19.6,68.9,432,2174,0,0.4,109,1.1,1.1,19.5,15.8,15.1
2026-09-01T06:37:41Z,0,0,0,1.1,0,0,18.9,855.6,19.1,18.9,68.1,469,2590,0,0.1,109,0.4,0.4,18.8,15,14.5
2026-09-01T06:52:50Z,0,0,0,0.9,0,0,19.5,855.6,19.6,19.7,67.4,417,2034,0,0.1,109,0.7,0.7,19.6,15.7,15.2
2026-09-01T07:07:58Z,0,0,0,1.2,0,0,19.4,855.5,19.9,20,64.2,482,2720,0,0.9,109,1.5,1.5,19.9,15.6,15.4
2026-09-01T07:23:07Z,0,0,0,1.1,0,0,19.3,855.5,19.7,19.8,65.4,463,2521,0,0.8,168,1.7,1.7,19.7,15.5,15.3
2026-09-01T07:38:35Z,0,0,0,1.4,0,0,20.3,855.5,20.6,20.5,63.6,519,3136,0,0.8,258,1.7,1.7,20.4,15.9,15.9
2026-09-01T07:53:43Z,0,0,0,1.8,0,0,20.1,855.4,20.4,20.1,65.1,587,3817,0,0.5,238,1.1,1.1,20,15.8,15.6
2026-09-01T08:08:53Z,0,0,0,0.9,0,0,19.8,855.2,20.1,20.1,63.2,422,2010,0,0.7,113,1.1,1.1,19.9,15.5,15.5
2026-09-01T08:24:02Z,0,0,0,1.6,0,0,20.1,855,20.5,20.5,62.7,564,3498,0,0.2,204,0.7,0.7,20.4,15.8,15.9
2026-09-01T08:39:10Z,0,0,0,1.7,0,0,21.2,854.9,21.6,21.3,58.7,582,3796,0,1.5,261,2.6,2.6,21.2,16,16.6
2026-09-01T08:54:44Z,0,0,0,3.1,0,0,21.8,854.7,22.1,21.8,58.9,835,6667,0,0.9,251,1.5,1.5,21.7,16.5,17.1
2026-09-01T09:09:53Z,0,0,0,2.3,0,0,22.2,854.5,22.7,22.8,54.6,690,4983,0,0.5,132,2.2,2.2,22.7,16.8,17.9
2026-09-01T09:25:49Z,0,0,0,1.6,0,0,21.7,854.3,22.2,22.4,55,553,3540,0,0.7,104,1.3,1.3,22.2,16.5,17.5
2026-09-01T09:40:58Z,0,0,0,3.4,0,0,22.9,854,23.3,23.4,53.3,894,7326,0,0,104,0.2,0.2,23.3,17.1,18.4
2026-09-01T09:56:46Z,0,0,0,1.5,0,0,22.6,853.6,23.1,23.1,52.3,546,3420,0,0.6,105,1.1,1.1,23,16.7,18.1
2026-09-01T10:11:54Z,0,0,0,3,0,0,23.6,853.2,24.2,24.2,51.4,810,6347,0,1.1,105,2.2,2.2,24.1,17.5,19
2026-09-01T10:27:50Z,0,0,0,1.1,0,0,24.2,853,24.7,24.7,49.2,469,2395,0,0.9,105,2,2,24.6,17.6,19.4
2026-09-01T10:42:51Z,0,0,0,2,0,0,24.8,852.6,25.2,25,47.2,633,4251,0,0.5,105,1.7,1.7,24.9,17.6,19.7
2026-09-01T10:58:00Z,0,0,0,2.9,0,0,24.1,852.4,24.6,24.2,48.8,795,6197,0,1.1,201,1.5,1.5,24,17.1,19
2026-09-01T11:13:09Z,0,0,0,0.9,0,0,24,852.1,24.5,24.7,47.8,417,2028,0,1.4,167,3.7,3.7,24.5,17.4,19.4
2026-09-01T11:28:18Z,0,0,0,1.5,0,0,23.2,851.9,23.6,23.7,49.7,535,3256,0,0.6,165,1.5,1.5,23.6,16.8,18.6
2026-09-01T11:43:27Z,0,0,0,3.1,0,0,24.8,851.7,24.9,24.9,47.6,830,6737,0,0.7,160,2,2,24.8,17.5,19.6
2026-09-01T11:58:50Z,0,0,0,0.9,0,0,24.9,851.5,25.4,25.4,45.3,433,2116,0,0.7,167,1.5,1.5,25.3,17.6,20
2026-09-01T12:14:00Z,0,0,0,2.6,0,0,24.4,851.3,24.8,25.1,45.7,750,5840,0,0.2,134,0.7,0.7,24.9,17.4,19.7
2026-09-01T12:29:57Z,0,0,0,0.9,0,0,26.2,851.2,25.9,27.5,40.4,432,2115,0,0.7,67,1.5,1.5,27.3,18.5,21.5
2026-09-01T12:45:06Z,0,0,0,0.6,0,0,24.2,851,24.4,24.9,45.6,367,1347,0,0.6,71,1.5,1.5,24.8,17.2,19.6
2026-09-01T13:00:59Z,0,0,0,2.1,0,0,26.1,850.8,26.2,26.9,41.1,649,4847,0,0.2,19,1.1,1.1,26.8,18.1,21.1
2026-09-01T13:16:08Z,0,0,0,0.5,0,0,25,850.9,25.4,25.9,42.6,354,1280,0,0.3,203,1.1,1.1,25.8,17.6,20.4
2026-09-01T13:31:18Z,0,0,0,0.3,0,0,24.6,850.8,24.9,25,44.2,319,931,0,0.3,146,1.3,1.3,24.8,17,19.6
2026-09-01T13:46:27Z,0,0,0,0.3,0,0,24.3,850.8,24.4,24.7,44.3,323,969,0,0.2,119,0.9,0.9,24.5,16.8,19.4
2026-09-01T14:01:56Z,0,0,0,0.4,0,0,24.3,850.8,24.4,24.6,44.3,341,1150,0,0.3,47,0.7,0.7,24.5,16.8,19.3
2026-09-01T14:17:05Z,0,0,0,0.5,0,0,24.5,850.9,24.7,24.9,43.7,343,1195,0,0.2,149,0.7,0.7,24.8,16.9,19.6
2026-09-01T14:32:14Z,0,0,0,0.3,0,0,24.2,850.9,24.4,24.6,43.9,316,862,0,1,151,2.2,2.2,24.4,16.7,19.3
2026-09-01T14:47:23Z,0,0,0,0.3,0,0,24,850.9,24.2,24.4,44.3,307,756,0,1.6,178,2.6,2.6,24.2,16.6,19.1
2026-09-01T15:02:52Z,0,0,0,0.2,0,0,23.9,851,24.1,24.2,45.1,291,605,0,0.7,153,1.7,1.7,24.1,16.6,19
2026-09-01T15:18:01Z,0,0,0,0.1,0,0,23.4,851.1,23.6,23.7,47.3,270,351,0,0.2,105,0.7,0.7,23.6,16.5,18.6
2026-09-01T15:33:10Z,0,0,0,0,0,0,22.8,851.3,23,23.2,48.8,263,275,0,0.5,125,1.7,1.7,23,16.2,18.1
2026-09-01T15:48:19Z,0,0,0,0,0,0,22.4,851.5,22.5,22.7,49.9,260,255,0,1.1,143,2.1,2.1,22.5,16,17.8
2026-09-01T16:04:02Z,0,0,0,0,0,0,21.9,851.5,22.1,22.2,50.9,260,254,0,0.1,197,0.4,0.4,22,15.8,17.3
2026-09-01T16:19:12Z,0,0,0,0,0,0,21.5,851.7,21.7,21.8,51.4,259,254,0,0.1,207,0.4,0.4,21.6,15.5,17
2026-09-01T16:34:21Z,0,0,0,0,0,0,21.3,851.8,21.5,21.6,52.1,260,254,0,0.5,150,1.3,1.3,21.4,15.4,16.8
2026-09-01T16:49:31Z,0,0,0,0,0,0,21.1,852,21.3,21.4,52.9,261,254,0,0.4,141,0.9,0.9,21.2,15.3,16.6
2026-09-01T17:04:58Z,0,0,0,0,0,0,20.9,852.1,21,21.2,53.5,260,253,0,1.2,174,1.7,1.7,21,15.2,16.4
2026-09-01T17:20:07Z,0,0,0,0,0,0,20.7,852.3,20.9,21,54.7,259,253,0,0.3,115,0.9,0.9,20.8,15.2,16.3
2026-09-01T17:35:17Z,0,0,0,0,0,0,20.5,852.4,20.6,20.9,56.1,260,253,0,0.4,184,1.1,1.1,20.7,15.3,16.2
2026-09-01T17:50:26Z,0,0,0,0,0,0,20.4,852.6,20.5,20.7,57.5,261,254,0,0.4,190,1.1,1.1,20.5,15.3,16
2026-09-01T18:05:35Z,0,0,0,0,0,0,20.2,852.7,20.4,20.5,58.6,260,253,0,0.4,201,1.3,1.3,20.3,15.3,15.9
2026-09-01T18:21:00Z,0,0,0,0,0,0,20.1,852.8,20.3,20.5,59.1,260,254,0,1.2,164,2.2,2.2,20.3,15.3,15.8
2026-09-01T18:36:10Z,0,0,0,0,0,0,20,853,20.2,20.4,59.7,261,254,0,1,167,1.5,1.5,20.2,15.3,15.8
2026-09-01T18:51:20Z,0,0,0,0,0,0,19.8,853.1,19.9,20.2,61.2,260,253,0,0.2,182,0.7,0.7,20,15.3,15.6
2026-09-01T19:06:28Z,0,0,0,0,0,0,19.5,853.3,19.7,19.9,63.1,260,252,0,0.5,170,2.2,2.2,19.8,15.3,15.3
2026-09-01T19:21:37Z,0,0,0,0,0,0,19.3,853.5,19.5,19.8,64,260,254,0,0.3,149,1.2,1.2,19.6,15.3,15.2
2026-09-01T19:37:04Z,0,0,0,0,0,0,19.1,853.7,19.2,19.5,66.3,260,254,0,0.7,122,2,2,19.4,15.4,15
2026-09-01T19:52:10Z,0,0,0,0,0,0,18.8,853.8,19,19.3,68,261,252,0,0.2,93,0.7,0.7,19.2,15.4,14.8
2026-09-01T20:07:20Z,0,0,0,0,0,0,18.5,853.8,18.7,18.9,70.1,261,253,0,0,148,0.2,0.2,18.8,15.3,14.5
2026-09-01T20:22:29Z,0,0,0,0,0,0,18.3,853.7,18.5,18.8,71.7,261,252,0,0.8,188,1.7,1.7,18.7,15.3,14.3
2026-09-01T20:37:39Z,0,0,0,0,0,0,18,853.6,18.2,18.5,73.1,261,254,0,1.4,185,2.6,2.6,18.4,15.3,14.1
2026-09-01T20:53:07Z,0,0,0,0,0,0,17.8,853.5,18,18.2,74.3,261,253,0,0.2,114,0.7,0.7,18.1,15.1,13.8
2026-09-01T21:08:17Z,0,0,0,0,0,0,17.5,853.4,17.6,17.9,75.7,259,253,0,0.5,187,1.1,1.1,17.8,15,13.5
2026-09-01T21:23:26Z,0,0,0,0,0,0,17.2,853.3,17.4,17.6,77.2,261,255,0,0.3,186,0.9,0.9,17.5,14.9,13.3
2026-09-01T21:38:36Z,0,0,0,0,0,0,17.1,853.1,17.3,17.5,77.7,260,253,0,0.1,105,0.7,0.7,17.4,14.9,13.2
2026-09-01T21:53:46Z,0,0,0,0,0,0,17,852.9,17.2,17.4,78.5,260,253,0,0.3,171,1.3,1.3,17.3,14.9,13.1
2026-09-01T22:09:09Z,0,0,0,0,0,0,16.8,852.8,17,17.3,80,261,253,0,0.4,110,1.1,1.1,17.2,14.9,13
2026-09-01T22:24:18Z,0,0,0,0,0,0,16.6,852.6,16.7,17,81.1,259,253,0,0.6,106,1.3,1.3,17,14.8,12.7
2026-09-01T22:39:27Z,0,0,0,0,0,0,16.5,852.5,16.6,16.9,81.7,261,254,0,0.3,194,1.3,1.3,16.8,14.7,12.6
2026-09-01T22:54:36Z,0,0,0,0,0,0,16.3,852.4,16.5,16.8,82,260,253,0,0,193,0,0,16.7,14.6,12.5
2026-09-01T23:09:45Z,0,0,0,0,0,0,16.3,852.5,16.5,16.7,82.2,260,254,0,0,194,0,0,16.7,14.6,12.5
2026-09-01T23:25:12Z,0,0,0,0,0,0,16.4,852.4,16.5,16.8,82,260,253,0,0,194,0.2,0.2,16.7,14.7,12.5
2026-09-01T23:40:21Z,0,0,0,0,0,0,16.4,852.4,16.5,16.8,82.2,261,254,0,1.1,194,1.7,1.7,16.7,14.7,12.5
2026-09-01T23:55:30Z,0,0,0,0,0,0,16.3,852.3,16.4,16.7,83.2,260,253,0,0.3,194,0.7,0.7,16.7,14.7,12.5
